collected_at	source	game_id	date_local	status	detail
2026-09-14T13:11:36+00:00	steam	zenless_zone_zero	2026-09-14	insert	observed_fields=2/3;news=15
2026-09-14T13:11:56+00:00	bilibili	zenless_zone_zero	2026-09-14	insert	observed=5/5
2026-09-14T13:34:44+00:00	bilibili	zenless_zone_zero	2026-09-14	update	observed=16/16
2026-09-14T13:43:58+00:00	steam_reviews_backfill	zenless_zone_zero	2026-09-14	backfill	days=90;reviews=16211
2026-09-14T14:05:33+00:00	steam	zenless_zone_zero	2026-09-14	update	observed_fields=2/3;news=15
2026-09-14T14:05:54+00:00	bilibili	zenless_zone_zero	2026-09-14	update	observed=16/16
2026-09-14T14:27:34+00:00	steam_reviews_backfill	wuthering_waves	2026-09-14	backfill	days=444;reviews=39989
2026-09-14T14:27:36+00:00	steam_reviews_backfill	wuthering_waves	2026-09-14	backfill	days=444;reviews=39990
2026-09-14T14:29:15+00:00	steam_reviews_backfill	neverness_to_everness	2026-09-14	backfill	days=69;reviews=6387
2026-09-14T14:29:21+00:00	steam_reviews_backfill	neverness_to_everness	2026-09-14	backfill	days=69;reviews=6388
2026-09-14T14:33:19+00:00	steam_reviews_backfill	zenless_zone_zero	2026-09-14	backfill	days=90;reviews=16209
2026-09-14T14:34:17+00:00	bilibili	wuthering_waves	2026-09-14	insert	observed=8/8
2026-09-14T14:34:40+00:00	bilibili	zenless_zone_zero	2026-09-14	update	observed=16/16
2026-09-14T14:35:07+00:00	bilibili	neverness_to_everness	2026-09-14	insert	observed=19/19
2026-09-14T14:35:16+00:00	steam	wuthering_waves	2026-09-14	insert	observed_fields=2/3;news=17
2026-09-14T14:35:28+00:00	steam	zenless_zone_zero	2026-09-14	update	observed_fields=2/3;news=15
2026-09-14T14:35:40+00:00	steam	neverness_to_everness	2026-09-14	insert	observed_fields=2/3;news=20
2026-09-14T14:42:38+00:00	steam	wuthering_waves	2026-09-14	update	observed_fields=2/3;news=17
2026-09-14T14:42:50+00:00	steam	zenless_zone_zero	2026-09-14	update	observed_fields=2/3;news=15
2026-09-14T14:43:01+00:00	steam	neverness_to_everness	2026-09-14	update	observed_fields=2/3;news=20
2026-09-14T15:28:04+00:00	steam_build	wuthering_waves	2026-09-14	insert	buildid=24626793;updated=2026-08-20
2026-09-14T15:28:08+00:00	steam_build	zenless_zone_zero	2026-09-14	insert	buildid=24927009;updated=2026-09-09
2026-09-14T15:28:12+00:00	steam_build	neverness_to_everness	2026-09-14	insert	buildid=25196072;updated=2026-09-09
2026-09-14T15:28:15+00:00	steam_online	wuthering_waves	2026-09-14	insert	hour=23;players=15291
2026-09-14T15:28:16+00:00	steam_online	zenless_zone_zero	2026-09-14	insert	hour=23;players=10056
2026-09-14T15:28:17+00:00	steam_online	neverness_to_everness	2026-09-14	insert	hour=23;players=4504
2026-09-14T15:59:19+00:00	steam_online	wuthering_waves	2026-09-14	update	hour=23;players=14923
2026-09-14T15:59:21+00:00	steam_online	zenless_zone_zero	2026-09-14	update	hour=23;players=9984
2026-09-14T15:59:22+00:00	steam_online	neverness_to_everness	2026-09-14	update	hour=23;players=4321
2026-09-14T15:59:55+00:00	steam	wuthering_waves	2026-09-14	update	observed_fields=2/3;news=17
2026-09-14T16:00:08+00:00	steam	zenless_zone_zero	2026-09-14	update	observed_fields=2/3;news=15
2026-09-14T16:00:20+00:00	steam	neverness_to_everness	2026-09-14	update	observed_fields=2/3;news=20
2026-09-14T16:00:22+00:00	steam_build	wuthering_waves	2026-09-15	insert	buildid=24626793;updated=2026-08-20
2026-09-14T16:00:26+00:00	steam_build	zenless_zone_zero	2026-09-15	insert	buildid=24927009;updated=2026-09-09
2026-09-14T16:00:31+00:00	steam_build	neverness_to_everness	2026-09-15	insert	buildid=25196072;updated=2026-09-09
2026-09-14T16:00:43+00:00	bilibili	wuthering_waves	2026-09-15	insert	observed=8/8
2026-09-14T16:01:06+00:00	bilibili	zenless_zone_zero	2026-09-15	insert	observed=16/16
2026-09-14T16:01:33+00:00	bilibili	neverness_to_everness	2026-09-15	insert	observed=19/19
2026-09-14T16:02:53+00:00	steam_online	wuthering_waves	2026-09-15	insert	hour=0;players=14923
2026-09-14T16:02:54+00:00	steam_online	zenless_zone_zero	2026-09-15	insert	hour=0;players=9984
2026-09-14T16:02:55+00:00	steam_online	neverness_to_everness	2026-09-15	insert	hour=0;players=4321
2026-09-14T16:05:06+00:00	steam_online	wuthering_waves	2026-09-15	update	hour=0;players=14923
2026-09-14T16:05:07+00:00	steam_online	zenless_zone_zero	2026-09-15	update	hour=0;players=9984
2026-09-14T16:05:08+00:00	steam_online	neverness_to_everness	2026-09-15	update	hour=0;players=4321
2026-09-14T17:05:04+00:00	steam_online	wuthering_waves	2026-09-15	insert	hour=1;players=13957
2026-09-14T17:05:05+00:00	steam_online	zenless_zone_zero	2026-09-15	insert	hour=1;players=9895
2026-09-14T17:05:06+00:00	steam_online	neverness_to_everness	2026-09-15	insert	hour=1;players=4162
2026-09-14T18:05:04+00:00	steam_online	wuthering_waves	2026-09-15	insert	hour=2;players=12903
2026-09-14T18:05:05+00:00	steam_online	zenless_zone_zero	2026-09-15	insert	hour=2;players=9434
2026-09-14T18:05:06+00:00	steam_online	neverness_to_everness	2026-09-15	insert	hour=2;players=3879
2026-09-14T19:05:04+00:00	steam_online	wuthering_waves	2026-09-15	insert	hour=3;players=11878
2026-09-14T19:05:05+00:00	steam_online	zenless_zone_zero	2026-09-15	insert	hour=3;players=9132
2026-09-14T19:05:06+00:00	steam_online	neverness_to_everness	2026-09-15	insert	hour=3;players=3734
2026-09-14T20:05:08+00:00	steam_online	wuthering_waves	2026-09-15	insert	hour=4;players=None
2026-09-14T20:05:13+00:00	steam_online	zenless_zone_zero	2026-09-15	insert	hour=4;players=8534
2026-09-14T20:05:14+00:00	steam_online	neverness_to_everness	2026-09-15	insert	hour=4;players=3342
2026-09-14T21:05:04+00:00	steam_online	wuthering_waves	2026-09-15	insert	hour=5;players=9698
2026-09-14T21:05:05+00:00	steam_online	zenless_zone_zero	2026-09-15	insert	hour=5;players=7824
2026-09-14T21:05:06+00:00	steam_online	neverness_to_everness	2026-09-15	insert	hour=5;players=3078
2026-09-14T22:05:04+00:00	steam_online	wuthering_waves	2026-09-15	insert	hour=6;players=8744
2026-09-14T22:05:05+00:00	steam_online	zenless_zone_zero	2026-09-15	insert	hour=6;players=7437
2026-09-14T22:05:06+00:00	steam_online	neverness_to_everness	2026-09-15	insert	hour=6;players=2688
2026-09-14T23:05:03+00:00	steam_online	wuthering_waves	2026-09-15	insert	hour=7;players=8241
2026-09-14T23:05:04+00:00	steam_online	zenless_zone_zero	2026-09-15	insert	hour=7;players=7056
2026-09-14T23:05:05+00:00	steam_online	neverness_to_everness	2026-09-15	insert	hour=7;players=2626
2026-09-15T00:05:04+00:00	steam_online	wuthering_waves	2026-09-15	insert	hour=8;players=8003
2026-09-15T00:05:05+00:00	steam_online	zenless_zone_zero	2026-09-15	insert	hour=8;players=6906
2026-09-15T00:05:06+00:00	steam_online	neverness_to_everness	2026-09-15	insert	hour=8;players=2420
2026-09-15T01:05:04+00:00	steam_online	wuthering_waves	2026-09-15	insert	hour=9;players=8146
2026-09-15T01:05:05+00:00	steam_online	zenless_zone_zero	2026-09-15	insert	hour=9;players=6950
2026-09-15T01:05:06+00:00	steam_online	neverness_to_everness	2026-09-15	insert	hour=9;players=2450
2026-09-15T02:05:04+00:00	steam_online	wuthering_waves	2026-09-15	insert	hour=10;players=8317
2026-09-15T02:05:05+00:00	steam_online	zenless_zone_zero	2026-09-15	insert	hour=10;players=6919
2026-09-15T02:05:06+00:00	steam_online	neverness_to_everness	2026-09-15	insert	hour=10;players=2501
2026-09-15T03:05:05+00:00	steam_online	wuthering_waves	2026-09-15	insert	hour=11;players=8371
2026-09-15T03:05:06+00:00	steam_online	zenless_zone_zero	2026-09-15	insert	hour=11;players=6726
2026-09-15T03:05:08+00:00	steam_online	neverness_to_everness	2026-09-15	insert	hour=11;players=2413
2026-09-15T04:05:03+00:00	steam_online	wuthering_waves	2026-09-15	insert	hour=12;players=7999
2026-09-15T04:05:05+00:00	steam_online	zenless_zone_zero	2026-09-15	insert	hour=12;players=6292
2026-09-15T04:05:06+00:00	steam_online	neverness_to_everness	2026-09-15	insert	hour=12;players=2384
2026-09-15T05:05:04+00:00	steam_online	wuthering_waves	2026-09-15	insert	hour=13;players=7574
2026-09-15T05:05:05+00:00	steam_online	zenless_zone_zero	2026-09-15	insert	hour=13;players=5915
2026-09-15T05:05:06+00:00	steam_online	neverness_to_everness	2026-09-15	insert	hour=13;players=2283
2026-09-15T05:20:11+00:00	steam	wuthering_waves	2026-09-15	insert	observed_fields=2/3;news=17
2026-09-15T05:20:20+00:00	steam	zenless_zone_zero	2026-09-15	insert	observed_fields=2/3;news=15
2026-09-15T05:20:28+00:00	steam	neverness_to_everness	2026-09-15	insert	observed_fields=2/3;news=21
2026-09-15T05:20:30+00:00	steam_build	wuthering_waves	2026-09-15	update	buildid=24626793;updated=2026-08-20
2026-09-15T05:20:33+00:00	steam_build	zenless_zone_zero	2026-09-15	update	buildid=24927009;updated=2026-09-09
2026-09-15T05:20:36+00:00	steam_build	neverness_to_everness	2026-09-15	update	buildid=25196072;updated=2026-09-09
2026-09-15T05:20:49+00:00	bilibili	wuthering_waves	2026-09-15	update	observed=8/8
2026-09-15T05:21:10+00:00	bilibili	zenless_zone_zero	2026-09-15	update	observed=16/16
2026-09-15T05:21:35+00:00	bilibili	neverness_to_everness	2026-09-15	update	observed=19/19
2026-09-15T06:05:05+00:00	steam_online	wuthering_waves	2026-09-15	insert	hour=14;players=None
2026-09-15T06:05:08+00:00	steam_online	zenless_zone_zero	2026-09-15	insert	hour=14;players=None
2026-09-15T06:05:11+00:00	steam_online	neverness_to_everness	2026-09-15	insert	hour=14;players=None
2026-09-15T07:05:03+00:00	steam_online	wuthering_waves	2026-09-15	insert	hour=15;players=7262
2026-09-15T07:05:05+00:00	steam_online	zenless_zone_zero	2026-09-15	insert	hour=15;players=5428
2026-09-15T07:05:06+00:00	steam_online	neverness_to_everness	2026-09-15	insert	hour=15;players=2292
2026-09-15T07:27:59+00:00	steam_online	wuthering_waves	2026-09-15	update	hour=15;players=7262
2026-09-15T07:28:00+00:00	steam_online	zenless_zone_zero	2026-09-15	update	hour=15;players=5324
2026-09-15T07:28:01+00:00	steam_online	neverness_to_everness	2026-09-15	update	hour=15;players=2332
2026-09-15T07:28:27+00:00	steam	wuthering_waves	2026-09-15	update	observed_fields=2/3;news=17
2026-09-15T07:28:39+00:00	steam	zenless_zone_zero	2026-09-15	update	observed_fields=2/3;news=15
2026-09-15T07:28:50+00:00	steam	neverness_to_everness	2026-09-15	update	observed_fields=2/3;news=21
2026-09-15T07:28:54+00:00	steam_build	wuthering_waves	2026-09-15	update	buildid=24626793;updated=2026-08-20
2026-09-15T07:28:58+00:00	steam_build	zenless_zone_zero	2026-09-15	update	buildid=24927009;updated=2026-09-09
2026-09-15T07:29:04+00:00	steam_build	neverness_to_everness	2026-09-15	update	buildid=25196072;updated=2026-09-09
2026-09-15T07:29:16+00:00	bilibili	wuthering_waves	2026-09-15	update	observed=8/8
2026-09-15T07:29:39+00:00	bilibili	zenless_zone_zero	2026-09-15	update	observed=16/16
2026-09-15T07:30:06+00:00	bilibili	neverness_to_everness	2026-09-15	update	observed=19/19
2026-09-15T08:06:36+00:00	steam_online	wuthering_waves	2026-09-15	insert	hour=16;players=None
2026-09-15T08:08:46+00:00	steam_online	zenless_zone_zero	2026-09-15	insert	hour=16;players=None
2026-09-15T08:10:56+00:00	steam_online	neverness_to_everness	2026-09-15	insert	hour=16;players=None
2026-09-15T09:06:55+00:00	steam_online	wuthering_waves	2026-09-15	insert	hour=17;players=None
2026-09-15T09:08:13+00:00	steam_online	zenless_zone_zero	2026-09-15	insert	hour=17;players=5664
2026-09-15T09:08:14+00:00	steam_online	neverness_to_everness	2026-09-15	insert	hour=17;players=2552
2026-09-15T09:54:07+00:00	youtube	wuthering_waves	2026-09-15	insert	observed=421/421;by_locale=global=100/100 ja=111/111 ko=106/106 zh-tw=104/104;flagged=0;quota_units=9
2026-09-15T09:54:18+00:00	youtube	zenless_zone_zero	2026-09-15	insert	observed=315/315;by_locale=global=74/74 ja=82/82 ko=85/85 zh-tw=74/74;flagged=0;quota_units=7
2026-09-15T09:54:29+00:00	youtube	neverness_to_everness	2026-09-15	insert	observed=436/436;by_locale=global=107/107 ja=112/112 ko=111/111 zh-tw=106/106;flagged=0;quota_units=9
2026-09-15T10:06:55+00:00	steam_online	wuthering_waves	2026-09-15	insert	hour=18;players=None
2026-09-15T10:08:28+00:00	steam_online	zenless_zone_zero	2026-09-15	insert	hour=18;players=6128
2026-09-15T10:08:29+00:00	steam_online	neverness_to_everness	2026-09-15	insert	hour=18;players=2809
2026-09-15T11:06:55+00:00	steam_online	wuthering_waves	2026-09-15	insert	hour=19;players=None
2026-09-15T11:08:46+00:00	steam_online	zenless_zone_zero	2026-09-15	insert	hour=19;players=None
2026-09-15T11:10:57+00:00	steam_online	neverness_to_everness	2026-09-15	insert	hour=19;players=None
2026-09-15T12:07:19+00:00	steam_online	wuthering_waves	2026-09-15	insert	hour=20;players=None
2026-09-15T13:06:58+00:00	steam_online	wuthering_waves	2026-09-15	insert	hour=21;players=None
2026-09-15T13:09:08+00:00	steam_online	zenless_zone_zero	2026-09-15	insert	hour=21;players=None
2026-09-15T13:11:18+00:00	steam_online	neverness_to_everness	2026-09-15	insert	hour=21;players=None
2026-09-16T02:33:32+00:00	steam_online	wuthering_waves	2026-09-16	insert	hour=10;players=7330
2026-09-16T02:33:34+00:00	steam_online	zenless_zone_zero	2026-09-16	insert	hour=10;players=6131
2026-09-16T02:33:35+00:00	steam_online	neverness_to_everness	2026-09-16	insert	hour=10;players=1969
2026-09-16T03:05:07+00:00	steam_online	wuthering_waves	2026-09-16	insert	hour=11;players=7262
2026-09-16T03:05:09+00:00	steam_online	zenless_zone_zero	2026-09-16	insert	hour=11;players=6074
2026-09-16T03:05:10+00:00	steam_online	neverness_to_everness	2026-09-16	insert	hour=11;players=2019
2026-09-16T04:06:56+00:00	steam_online	wuthering_waves	2026-09-16	insert	hour=12;players=None
2026-09-16T04:06:59+00:00	steam_online	zenless_zone_zero	2026-09-16	insert	hour=12;players=5888
2026-09-16T04:08:52+00:00	steam_online	neverness_to_everness	2026-09-16	insert	hour=12;players=None
2026-09-16T05:05:05+00:00	steam_online	wuthering_waves	2026-09-16	insert	hour=13;players=6931
2026-09-16T05:05:06+00:00	steam_online	zenless_zone_zero	2026-09-16	insert	hour=13;players=5325
2026-09-16T05:05:07+00:00	steam_online	neverness_to_everness	2026-09-16	insert	hour=13;players=2461
2026-09-16T05:20:15+00:00	steam	wuthering_waves	2026-09-16	insert	observed_fields=2/3;news=17
2026-09-16T05:20:27+00:00	steam	zenless_zone_zero	2026-09-16	insert	observed_fields=2/3;news=15
2026-09-16T05:20:39+00:00	steam	neverness_to_everness	2026-09-16	insert	observed_fields=2/3;news=21
2026-09-16T05:20:42+00:00	steam_build	wuthering_waves	2026-09-16	insert	buildid=24626793;updated=2026-08-20
2026-09-16T05:20:46+00:00	steam_build	zenless_zone_zero	2026-09-16	insert	buildid=24927009;updated=2026-09-09
2026-09-16T05:20:50+00:00	steam_build	neverness_to_everness	2026-09-16	insert	buildid=25196072;updated=2026-09-09
2026-09-16T05:21:03+00:00	bilibili	wuthering_waves	2026-09-16	insert	observed=8/8
2026-09-16T05:21:26+00:00	bilibili	zenless_zone_zero	2026-09-16	insert	observed=16/16
2026-09-16T05:21:53+00:00	bilibili	neverness_to_everness	2026-09-16	insert	observed=19/19
2026-09-16T06:06:54+00:00	steam_online	wuthering_waves	2026-09-16	insert	hour=14;players=None
2026-09-16T06:08:45+00:00	steam_online	zenless_zone_zero	2026-09-16	insert	hour=14;players=None
2026-09-16T06:11:38+00:00	steam_online	neverness_to_everness	2026-09-16	insert	hour=14;players=None
2026-09-16T07:05:06+00:00	steam_online	wuthering_waves	2026-09-16	insert	hour=15;players=6862
2026-09-16T07:05:07+00:00	steam_online	zenless_zone_zero	2026-09-16	insert	hour=15;players=4913
2026-09-16T07:05:09+00:00	steam_online	neverness_to_everness	2026-09-16	insert	hour=15;players=2243
2026-09-16T08:07:18+00:00	steam_online	wuthering_waves	2026-09-16	insert	hour=16;players=None
2026-09-16T08:08:21+00:00	steam_online	zenless_zone_zero	2026-09-16	insert	hour=16;players=5011
2026-09-16T08:08:22+00:00	steam_online	neverness_to_everness	2026-09-16	insert	hour=16;players=2331
2026-09-16T09:05:04+00:00	steam_online	wuthering_waves	2026-09-16	insert	hour=17;players=7681
2026-09-16T09:05:06+00:00	steam_online	zenless_zone_zero	2026-09-16	insert	hour=17;players=5396
2026-09-16T09:05:07+00:00	steam_online	neverness_to_everness	2026-09-16	insert	hour=17;players=2404
2026-09-16T10:06:56+00:00	steam_online	wuthering_waves	2026-09-16	insert	hour=18;players=None
2026-09-16T10:09:06+00:00	steam_online	zenless_zone_zero	2026-09-16	insert	hour=18;players=None
2026-09-16T10:10:58+00:00	steam_online	neverness_to_everness	2026-09-16	insert	hour=18;players=None
2026-09-16T11:06:56+00:00	steam_online	wuthering_waves	2026-09-16	insert	hour=19;players=None
2026-09-16T11:09:06+00:00	steam_online	zenless_zone_zero	2026-09-16	insert	hour=19;players=None
2026-09-16T11:11:16+00:00	steam_online	neverness_to_everness	2026-09-16	insert	hour=19;players=None
2026-09-17T04:01:08+00:00	steam_online	wuthering_waves	2026-09-17	insert	hour=12;players=6767
2026-09-17T04:01:09+00:00	steam_online	zenless_zone_zero	2026-09-17	insert	hour=12;players=5512
2026-09-17T04:01:10+00:00	steam_online	neverness_to_everness	2026-09-17	insert	hour=12;players=2512
2026-09-17T04:05:04+00:00	steam_online	wuthering_waves	2026-09-17	update	hour=12;players=6767
2026-09-17T04:05:50+00:00	steam_online	zenless_zone_zero	2026-09-17	update	hour=12;players=5627
2026-09-17T04:06:56+00:00	steam_online	neverness_to_everness	2026-09-17	update	hour=12;players=2513
2026-09-17T05:05:07+00:00	steam_online	wuthering_waves	2026-09-17	insert	hour=13;players=6602
2026-09-17T05:05:08+00:00	steam_online	zenless_zone_zero	2026-09-17	insert	hour=13;players=5170
2026-09-17T05:05:09+00:00	steam_online	neverness_to_everness	2026-09-17	insert	hour=13;players=2510
2026-09-17T05:21:43+00:00	steam	wuthering_waves	2026-09-17	insert	observed_fields=2/3;news=0
2026-09-17T05:28:35+00:00	steam	zenless_zone_zero	2026-09-17	insert	observed_fields=0/3;news=15
2026-09-17T05:32:12+00:00	steam	neverness_to_everness	2026-09-17	insert	observed_fields=1/3;news=21
2026-09-17T05:32:14+00:00	steam_build	wuthering_waves	2026-09-17	insert	buildid=24626793;updated=2026-08-20
2026-09-17T05:32:18+00:00	steam_build	zenless_zone_zero	2026-09-17	insert	buildid=24927009;updated=2026-09-09
2026-09-17T05:32:22+00:00	steam_build	neverness_to_everness	2026-09-17	insert	buildid=25196072;updated=2026-09-09
2026-09-17T05:32:35+00:00	bilibili	wuthering_waves	2026-09-17	insert	observed=8/8
2026-09-17T05:32:57+00:00	bilibili	zenless_zone_zero	2026-09-17	insert	observed=16/16
2026-09-17T05:33:24+00:00	bilibili	neverness_to_everness	2026-09-17	insert	observed=19/19
2026-09-17T06:05:04+00:00	steam_online	wuthering_waves	2026-09-17	insert	hour=14;players=6408
2026-09-17T06:05:05+00:00	steam_online	zenless_zone_zero	2026-09-17	insert	hour=14;players=4753
2026-09-17T06:05:06+00:00	steam_online	neverness_to_everness	2026-09-17	insert	hour=14;players=2425
2026-09-17T07:05:04+00:00	steam_online	wuthering_waves	2026-09-17	insert	hour=15;players=6286
2026-09-17T07:05:06+00:00	steam_online	zenless_zone_zero	2026-09-17	insert	hour=15;players=4667
2026-09-17T07:05:07+00:00	steam_online	neverness_to_everness	2026-09-17	insert	hour=15;players=2389
2026-09-17T07:26:03+00:00	youtube	wuthering_waves	2026-09-17	insert	observed=0/421;by_locale=global=0/100 ja=0/111 ko=0/106 zh-tw=0/104;flagged=0;quota_units=9
2026-09-17T08:06:55+00:00	steam_online	wuthering_waves	2026-09-17	insert	hour=16;players=None
2026-09-17T08:09:05+00:00	steam_online	zenless_zone_zero	2026-09-17	insert	hour=16;players=None
2026-09-17T08:10:58+00:00	steam_online	neverness_to_everness	2026-09-17	insert	hour=16;players=None
2026-09-17T08:58:48+00:00	youtube	zenless_zone_zero	2026-09-17	insert	observed=0/315;by_locale=global=0/74 ja=0/82 ko=0/85 zh-tw=0/74;flagged=0;quota_units=7
2026-09-17T09:04:58+00:00	bilibili	wuthering_waves	2026-09-17	update	observed=9/9;curated_only=True
2026-09-17T09:05:13+00:00	bilibili	zenless_zone_zero	2026-09-17	update	observed=10/10;curated_only=True
2026-09-17T09:05:38+00:00	bilibili	neverness_to_everness	2026-09-17	update	observed=17/17;curated_only=True
2026-09-17T09:05:45+00:00	youtube	wuthering_waves	2026-09-17	update	observed=36/36;by_locale=global=9/9 ja=9/9 ko=9/9 zh-tw=9/9;flagged=0;quota_units=1;curated_only=True
2026-09-17T09:05:49+00:00	youtube	zenless_zone_zero	2026-09-17	update	observed=39/39;by_locale=global=10/10 ja=9/9 ko=10/10 zh-tw=10/10;flagged=0;quota_units=1;curated_only=True
2026-09-17T09:05:55+00:00	youtube	neverness_to_everness	2026-09-17	insert	observed=64/64;by_locale=global=16/16 ja=16/16 ko=16/16 zh-tw=16/16;flagged=0;quota_units=2;curated_only=True
2026-09-17T09:06:56+00:00	steam_online	wuthering_waves	2026-09-17	insert	hour=17;players=None
2026-09-17T09:09:06+00:00	steam_online	zenless_zone_zero	2026-09-17	insert	hour=17;players=None
2026-09-17T09:11:16+00:00	steam_online	neverness_to_everness	2026-09-17	insert	hour=17;players=None
2026-09-17T09:15:46+00:00	bilibili	wuthering_waves	2026-09-17	update	observed=13/13;curated_only=True
2026-09-17T09:16:02+00:00	bilibili	zenless_zone_zero	2026-09-17	update	observed=10/10;curated_only=True
2026-09-17T09:16:26+00:00	bilibili	neverness_to_everness	2026-09-17	update	observed=17/17;curated_only=True
2026-09-17T09:18:54+00:00	bilibili	wuthering_waves	2026-09-17	update	observed=13/13;curated_only=True
2026-09-17T09:19:09+00:00	bilibili	zenless_zone_zero	2026-09-17	update	observed=10/10;curated_only=True
2026-09-17T09:19:41+00:00	bilibili	neverness_to_everness	2026-09-17	update	observed=17/17;curated_only=True
2026-09-17T09:19:57+00:00	youtube	wuthering_waves	2026-09-17	update	observed=52/52;by_locale=global=13/13 ja=13/13 ko=13/13 zh-tw=13/13;flagged=0;quota_units=2;curated_only=True
2026-09-17T09:20:02+00:00	youtube	zenless_zone_zero	2026-09-17	update	observed=39/39;by_locale=global=10/10 ja=9/9 ko=10/10 zh-tw=10/10;flagged=0;quota_units=1;curated_only=True
2026-09-17T09:20:07+00:00	youtube	neverness_to_everness	2026-09-17	update	observed=64/64;by_locale=global=16/16 ja=16/16 ko=16/16 zh-tw=16/16;flagged=0;quota_units=2;curated_only=True
2026-09-17T10:05:04+00:00	steam_online	wuthering_waves	2026-09-17	insert	hour=18;players=7623
2026-09-17T10:05:05+00:00	steam_online	zenless_zone_zero	2026-09-17	insert	hour=18;players=5535
2026-09-17T10:05:06+00:00	steam_online	neverness_to_everness	2026-09-17	insert	hour=18;players=2976
2026-09-17T11:02:18+00:00	youtube	neverness_to_everness	2026-09-17	update	observed=0/436;by_locale=global=0/107 ja=0/112 ko=0/111 zh-tw=0/106;flagged=0;quota_units=9
2026-09-17T11:06:54+00:00	steam_online	wuthering_waves	2026-09-17	insert	hour=19;players=None
2026-09-17T11:09:04+00:00	steam_online	zenless_zone_zero	2026-09-17	insert	hour=19;players=None
2026-09-17T11:11:14+00:00	steam_online	neverness_to_everness	2026-09-17	insert	hour=19;players=None
2026-09-18T05:18:53+00:00	steam_online	wuthering_waves	2026-09-18	insert	hour=13;players=6391
2026-09-18T05:18:54+00:00	steam_online	zenless_zone_zero	2026-09-18	insert	hour=13;players=5449
2026-09-18T05:18:56+00:00	steam_online	neverness_to_everness	2026-09-18	insert	hour=13;players=2261
2026-09-18T05:23:38+00:00	steam	wuthering_waves	2026-09-18	insert	observed_fields=1/3;news=17
2026-09-18T05:27:16+00:00	steam	zenless_zone_zero	2026-09-18	insert	observed_fields=1/3;news=15
2026-09-18T05:30:08+00:00	steam	neverness_to_everness	2026-09-18	insert	observed_fields=1/3;news=21
2026-09-18T05:30:11+00:00	steam_build	wuthering_waves	2026-09-18	insert	buildid=24626793;updated=2026-08-20
2026-09-18T05:30:16+00:00	steam_build	zenless_zone_zero	2026-09-18	insert	buildid=24927009;updated=2026-09-09
2026-09-18T05:30:20+00:00	steam_build	neverness_to_everness	2026-09-18	insert	buildid=25196072;updated=2026-09-09
2026-09-18T05:30:39+00:00	bilibili	wuthering_waves	2026-09-18	insert	observed=13/13;curated_only=True
2026-09-18T05:30:54+00:00	bilibili	zenless_zone_zero	2026-09-18	insert	observed=10/10;curated_only=True
2026-09-18T05:31:18+00:00	bilibili	neverness_to_everness	2026-09-18	insert	observed=17/17;curated_only=True
2026-09-18T05:49:32+00:00	youtube	wuthering_waves	2026-09-18	insert	observed=0/52;by_locale=global=0/13 ja=0/13 ko=0/13 zh-tw=0/13;flagged=0;quota_units=2;curated_only=True
2026-09-18T06:04:48+00:00	youtube	zenless_zone_zero	2026-09-18	insert	observed=0/39;by_locale=global=0/10 ja=0/9 ko=0/10 zh-tw=0/10;flagged=0;quota_units=1;curated_only=True
2026-09-18T06:05:50+00:00	steam_online	wuthering_waves	2026-09-18	insert	hour=14;players=6475
2026-09-18T06:07:40+00:00	steam_online	zenless_zone_zero	2026-09-18	insert	hour=14;players=None
2026-09-18T06:09:50+00:00	steam_online	neverness_to_everness	2026-09-18	insert	hour=14;players=None
2026-09-18T06:26:32+00:00	youtube	neverness_to_everness	2026-09-18	insert	observed=0/64;by_locale=global=0/16 ja=0/16 ko=0/16 zh-tw=0/16;flagged=0;quota_units=2;curated_only=True
2026-09-18T07:07:16+00:00	steam_online	wuthering_waves	2026-09-18	insert	hour=15;players=None
2026-09-18T07:10:26+00:00	steam_online	zenless_zone_zero	2026-09-18	insert	hour=15;players=None
2026-09-18T07:11:32+00:00	steam_online	neverness_to_everness	2026-09-18	insert	hour=15;players=2367
2026-09-18T08:05:05+00:00	steam_online	wuthering_waves	2026-09-18	insert	hour=16;players=6785
2026-09-18T08:05:06+00:00	steam_online	zenless_zone_zero	2026-09-18	insert	hour=16;players=5481
2026-09-18T08:05:07+00:00	steam_online	neverness_to_everness	2026-09-18	insert	hour=16;players=2379
2026-09-19T04:53:30+00:00	steam_online	wuthering_waves	2026-09-19	insert	hour=12;players=8234
2026-09-19T04:53:31+00:00	steam_online	zenless_zone_zero	2026-09-19	insert	hour=12;players=6451
2026-09-19T04:53:32+00:00	steam_online	neverness_to_everness	2026-09-19	insert	hour=12;players=2804
2026-09-19T05:06:56+00:00	steam_online	wuthering_waves	2026-09-19	insert	hour=13;players=None
2026-09-19T05:08:31+00:00	steam_online	zenless_zone_zero	2026-09-19	insert	hour=13;players=6443
2026-09-19T05:08:32+00:00	steam_online	neverness_to_everness	2026-09-19	insert	hour=13;players=2774
2026-09-19T05:20:14+00:00	steam	wuthering_waves	2026-09-19	insert	observed_fields=2/3;news=17
2026-09-19T05:20:26+00:00	steam	zenless_zone_zero	2026-09-19	insert	observed_fields=2/3;news=15
2026-09-19T05:20:38+00:00	steam	neverness_to_everness	2026-09-19	insert	observed_fields=2/3;news=21
2026-09-19T05:20:41+00:00	steam_build	wuthering_waves	2026-09-19	insert	buildid=24626793;updated=2026-08-20
2026-09-19T05:20:46+00:00	steam_build	zenless_zone_zero	2026-09-19	insert	buildid=24927009;updated=2026-09-09
2026-09-19T05:20:50+00:00	steam_build	neverness_to_everness	2026-09-19	insert	buildid=25196072;updated=2026-09-09
2026-09-19T07:06:58+00:00	steam_online	wuthering_waves	2026-09-19	insert	hour=15;players=None
2026-09-19T07:09:08+00:00	steam_online	zenless_zone_zero	2026-09-19	insert	hour=15;players=None
2026-09-19T07:09:55+00:00	steam_online	neverness_to_everness	2026-09-19	insert	hour=15;players=2923
2026-09-19T08:06:41+00:00	steam_online	wuthering_waves	2026-09-19	insert	hour=16;players=None
2026-09-19T08:08:51+00:00	steam_online	zenless_zone_zero	2026-09-19	insert	hour=16;players=None
2026-09-19T08:11:01+00:00	steam_online	neverness_to_everness	2026-09-19	insert	hour=16;players=None
2026-09-19T09:06:58+00:00	steam_online	wuthering_waves	2026-09-19	insert	hour=17;players=None
2026-09-19T09:08:51+00:00	steam_online	zenless_zone_zero	2026-09-19	insert	hour=17;players=None
2026-09-19T09:10:47+00:00	steam_online	neverness_to_everness	2026-09-19	insert	hour=17;players=None
2026-09-19T10:06:39+00:00	steam_online	wuthering_waves	2026-09-19	insert	hour=18;players=None
2026-09-19T10:08:49+00:00	steam_online	zenless_zone_zero	2026-09-19	insert	hour=18;players=None
2026-09-19T10:10:25+00:00	steam_online	neverness_to_everness	2026-09-19	insert	hour=18;players=3422
2026-09-19T11:06:56+00:00	steam_online	wuthering_waves	2026-09-19	insert	hour=19;players=None
2026-09-19T11:09:06+00:00	steam_online	zenless_zone_zero	2026-09-19	insert	hour=19;players=None
2026-09-19T11:11:16+00:00	steam_online	neverness_to_everness	2026-09-19	insert	hour=19;players=None
2026-09-19T12:06:54+00:00	steam_online	wuthering_waves	2026-09-19	insert	hour=20;players=None
2026-09-19T12:08:27+00:00	steam_online	zenless_zone_zero	2026-09-19	insert	hour=20;players=7688
2026-09-19T12:08:28+00:00	steam_online	neverness_to_everness	2026-09-19	insert	hour=20;players=3854
2026-09-19T13:06:56+00:00	steam_online	wuthering_waves	2026-09-19	insert	hour=21;players=None
2026-09-19T13:09:06+00:00	steam_online	zenless_zone_zero	2026-09-19	insert	hour=21;players=None
2026-09-19T13:09:10+00:00	steam_online	neverness_to_everness	2026-09-19	insert	hour=21;players=4078
2026-09-20T06:04:24+00:00	steam_online	wuthering_waves	2026-09-20	insert	hour=14;players=None
2026-09-20T06:07:06+00:00	steam	wuthering_waves	2026-09-20	insert	observed_fields=1/3;news=0
2026-09-20T06:07:34+00:00	steam_online	zenless_zone_zero	2026-09-20	insert	hour=14;players=None
2026-09-20T06:09:44+00:00	steam_online	neverness_to_everness	2026-09-20	insert	hour=14;players=None
2026-09-20T06:11:37+00:00	steam	zenless_zone_zero	2026-09-20	insert	observed_fields=1/3;news=0
2026-09-20T06:16:44+00:00	steam	neverness_to_everness	2026-09-20	insert	observed_fields=1/3;news=21
2026-09-20T06:16:47+00:00	steam_build	wuthering_waves	2026-09-20	insert	buildid=24626793;updated=2026-08-20
2026-09-20T06:16:51+00:00	steam_build	zenless_zone_zero	2026-09-20	insert	buildid=24927009;updated=2026-09-09
2026-09-20T06:16:55+00:00	steam_build	neverness_to_everness	2026-09-20	insert	buildid=25196072;updated=2026-09-09
2026-09-20T06:17:16+00:00	bilibili	wuthering_waves	2026-09-20	insert	observed=13/13;curated_only=True
2026-09-20T06:17:33+00:00	bilibili	zenless_zone_zero	2026-09-20	insert	observed=10/10;curated_only=True
2026-09-20T06:17:58+00:00	bilibili	neverness_to_everness	2026-09-20	insert	observed=17/17;curated_only=True
2026-09-20T06:43:13+00:00	youtube	wuthering_waves	2026-09-20	insert	observed=0/52;by_locale=global=0/13 ja=0/13 ko=0/13 zh-tw=0/13;flagged=0;quota_units=2;curated_only=True
2026-09-20T06:51:28+00:00	youtube	zenless_zone_zero	2026-09-20	insert	observed=0/39;by_locale=global=0/10 ja=0/9 ko=0/10 zh-tw=0/10;flagged=0;quota_units=1;curated_only=True
2026-09-20T07:06:57+00:00	steam_online	wuthering_waves	2026-09-20	insert	hour=15;players=None
2026-09-20T07:09:07+00:00	steam_online	zenless_zone_zero	2026-09-20	insert	hour=15;players=None
2026-09-20T07:11:17+00:00	steam_online	neverness_to_everness	2026-09-20	insert	hour=15;players=None
2026-09-20T07:13:13+00:00	youtube	neverness_to_everness	2026-09-20	insert	observed=0/64;by_locale=global=0/16 ja=0/16 ko=0/16 zh-tw=0/16;flagged=0;quota_units=2;curated_only=True
2026-09-20T08:05:06+00:00	steam_online	wuthering_waves	2026-09-20	insert	hour=16;players=11655
2026-09-20T08:05:07+00:00	steam_online	zenless_zone_zero	2026-09-20	insert	hour=16;players=6655
2026-09-20T08:05:08+00:00	steam_online	neverness_to_everness	2026-09-20	insert	hour=16;players=3433
2026-09-20T09:06:56+00:00	steam_online	wuthering_waves	2026-09-20	insert	hour=17;players=None
2026-09-20T09:09:06+00:00	steam_online	zenless_zone_zero	2026-09-20	insert	hour=17;players=None
2026-09-20T09:11:16+00:00	steam_online	neverness_to_everness	2026-09-20	insert	hour=17;players=None
2026-09-20T10:05:05+00:00	steam_online	wuthering_waves	2026-09-20	insert	hour=18;players=12530
2026-09-20T10:05:06+00:00	steam_online	zenless_zone_zero	2026-09-20	insert	hour=18;players=7450
2026-09-20T10:05:07+00:00	steam_online	neverness_to_everness	2026-09-20	insert	hour=18;players=3946
2026-09-20T11:07:17+00:00	steam_online	wuthering_waves	2026-09-20	insert	hour=19;players=None
2026-09-20T11:10:51+00:00	steam_online	zenless_zone_zero	2026-09-20	insert	hour=19;players=None
2026-09-20T12:05:05+00:00	steam_online	wuthering_waves	2026-09-20	insert	hour=20;players=14175
2026-09-20T12:05:06+00:00	steam_online	zenless_zone_zero	2026-09-20	insert	hour=20;players=8041
2026-09-20T12:05:07+00:00	steam_online	neverness_to_everness	2026-09-20	insert	hour=20;players=4251
2026-09-20T13:06:59+00:00	steam_online	wuthering_waves	2026-09-20	insert	hour=21;players=None
2026-09-20T13:09:00+00:00	steam_online	zenless_zone_zero	2026-09-20	insert	hour=21;players=8537
2026-09-20T13:09:01+00:00	steam_online	neverness_to_everness	2026-09-20	insert	hour=21;players=4527
2026-09-21T05:06:58+00:00	steam_online	wuthering_waves	2026-09-21	insert	hour=13;players=None
2026-09-21T05:09:08+00:00	steam_online	zenless_zone_zero	2026-09-21	insert	hour=13;players=None
2026-09-21T05:11:00+00:00	steam_online	neverness_to_everness	2026-09-21	insert	hour=13;players=None
2026-09-21T05:20:14+00:00	steam	wuthering_waves	2026-09-21	insert	observed_fields=2/3;news=18
2026-09-21T05:20:26+00:00	steam	zenless_zone_zero	2026-09-21	insert	observed_fields=2/3;news=15
2026-09-21T05:20:39+00:00	steam	neverness_to_everness	2026-09-21	insert	observed_fields=2/3;news=21
2026-09-21T05:20:41+00:00	steam_build	wuthering_waves	2026-09-21	insert	buildid=24626793;updated=2026-08-20
2026-09-21T05:20:45+00:00	steam_build	zenless_zone_zero	2026-09-21	insert	buildid=24927009;updated=2026-09-09
2026-09-21T05:20:48+00:00	steam_build	neverness_to_everness	2026-09-21	insert	buildid=25416222;updated=2026-09-20
2026-09-21T05:21:08+00:00	bilibili	wuthering_waves	2026-09-21	insert	observed=13/13;curated_only=True
2026-09-21T05:21:23+00:00	bilibili	zenless_zone_zero	2026-09-21	insert	observed=10/10;curated_only=True
2026-09-21T05:21:47+00:00	bilibili	neverness_to_everness	2026-09-21	insert	observed=17/17;curated_only=True
2026-09-21T05:47:01+00:00	youtube	wuthering_waves	2026-09-21	insert	observed=0/52;by_locale=global=0/13 ja=0/13 ko=0/13 zh-tw=0/13;flagged=0;quota_units=2;curated_only=True
2026-09-21T06:02:17+00:00	youtube	zenless_zone_zero	2026-09-21	insert	observed=0/39;by_locale=global=0/10 ja=0/9 ko=0/10 zh-tw=0/10;flagged=0;quota_units=1;curated_only=True
2026-09-21T06:05:57+00:00	steam_online	wuthering_waves	2026-09-21	insert	hour=14;players=7632
2026-09-21T06:07:48+00:00	steam_online	zenless_zone_zero	2026-09-21	insert	hour=14;players=None
2026-09-21T06:09:19+00:00	steam_online	neverness_to_everness	2026-09-21	insert	hour=14;players=2820
2026-09-21T06:22:16+00:00	youtube	neverness_to_everness	2026-09-21	insert	observed=0/64;by_locale=global=0/16 ja=0/16 ko=0/16 zh-tw=0/16;flagged=0;quota_units=2;curated_only=True
2026-09-21T07:06:55+00:00	steam_online	wuthering_waves	2026-09-21	insert	hour=15;players=None
2026-09-21T07:08:49+00:00	steam_online	zenless_zone_zero	2026-09-21	insert	hour=15;players=5138
2026-09-21T07:08:50+00:00	steam_online	neverness_to_everness	2026-09-21	insert	hour=15;players=2934
2026-09-21T08:05:04+00:00	steam_online	wuthering_waves	2026-09-21	insert	hour=16;players=7762
2026-09-21T08:05:05+00:00	steam_online	zenless_zone_zero	2026-09-21	insert	hour=16;players=5308
2026-09-21T08:05:06+00:00	steam_online	neverness_to_everness	2026-09-21	insert	hour=16;players=3008
2026-09-21T09:05:04+00:00	steam_online	wuthering_waves	2026-09-21	insert	hour=17;players=8063
2026-09-21T10:05:06+00:00	steam_online	wuthering_waves	2026-09-21	insert	hour=18;players=8629
2026-09-21T10:05:07+00:00	steam_online	zenless_zone_zero	2026-09-21	insert	hour=18;players=5736
2026-09-21T10:05:09+00:00	steam_online	neverness_to_everness	2026-09-21	insert	hour=18;players=3267
2026-09-21T11:05:04+00:00	steam_online	wuthering_waves	2026-09-21	insert	hour=19;players=9480
2026-09-21T11:05:06+00:00	steam_online	zenless_zone_zero	2026-09-21	insert	hour=19;players=6039
2026-09-21T11:05:07+00:00	steam_online	neverness_to_everness	2026-09-21	insert	hour=19;players=3528
2026-09-21T12:05:05+00:00	steam_online	wuthering_waves	2026-09-21	insert	hour=20;players=10724
2026-09-21T12:05:07+00:00	steam_online	zenless_zone_zero	2026-09-21	insert	hour=20;players=6724
2026-09-21T12:05:08+00:00	steam_online	neverness_to_everness	2026-09-21	insert	hour=20;players=3770
2026-09-21T13:06:36+00:00	steam_online	wuthering_waves	2026-09-21	insert	hour=21;players=None
2026-09-21T13:08:46+00:00	steam_online	zenless_zone_zero	2026-09-21	insert	hour=21;players=None
2026-09-21T13:10:56+00:00	steam_online	neverness_to_everness	2026-09-21	insert	hour=21;players=None
2026-09-22T02:16:30+00:00	steam_online	wuthering_waves	2026-09-22	insert	hour=10;players=None
2026-09-22T02:18:40+00:00	steam_online	zenless_zone_zero	2026-09-22	insert	hour=10;players=None
2026-09-22T03:05:07+00:00	steam_online	wuthering_waves	2026-09-22	insert	hour=11;players=7162
2026-09-22T03:05:08+00:00	steam_online	zenless_zone_zero	2026-09-22	insert	hour=11;players=5642
2026-09-22T03:05:09+00:00	steam_online	neverness_to_everness	2026-09-22	insert	hour=11;players=2612
2026-09-22T04:05:04+00:00	steam_online	wuthering_waves	2026-09-22	insert	hour=12;players=7020
2026-09-22T04:05:05+00:00	steam_online	zenless_zone_zero	2026-09-22	insert	hour=12;players=5278
2026-09-22T04:05:07+00:00	steam_online	neverness_to_everness	2026-09-22	insert	hour=12;players=2522
2026-09-22T05:06:36+00:00	steam_online	wuthering_waves	2026-09-22	insert	hour=13;players=None
2026-09-22T05:09:47+00:00	steam_online	zenless_zone_zero	2026-09-22	insert	hour=13;players=None
2026-09-22T05:10:30+00:00	steam_online	neverness_to_everness	2026-09-22	insert	hour=13;players=2508
2026-09-22T06:05:05+00:00	steam_online	wuthering_waves	2026-09-22	insert	hour=14;players=6778
2026-09-22T06:05:06+00:00	steam_online	zenless_zone_zero	2026-09-22	insert	hour=14;players=4634
2026-09-22T06:05:07+00:00	steam_online	neverness_to_everness	2026-09-22	insert	hour=14;players=2518
2026-09-22T07:05:05+00:00	steam_online	wuthering_waves	2026-09-22	insert	hour=15;players=6655
2026-09-22T07:05:06+00:00	steam_online	zenless_zone_zero	2026-09-22	insert	hour=15;players=4468
2026-09-22T07:05:08+00:00	steam_online	neverness_to_everness	2026-09-22	insert	hour=15;players=2426
2026-09-22T08:06:56+00:00	steam_online	wuthering_waves	2026-09-22	insert	hour=16;players=None
2026-09-22T08:09:06+00:00	steam_online	zenless_zone_zero	2026-09-22	insert	hour=16;players=None
2026-09-22T08:10:58+00:00	steam_online	neverness_to_everness	2026-09-22	insert	hour=16;players=None
2026-09-22T09:05:05+00:00	steam_online	wuthering_waves	2026-09-22	insert	hour=17;players=7362
2026-09-22T09:05:06+00:00	steam_online	zenless_zone_zero	2026-09-22	insert	hour=17;players=4711
2026-09-22T09:05:08+00:00	steam_online	neverness_to_everness	2026-09-22	insert	hour=17;players=2625
2026-09-22T10:05:05+00:00	steam_online	wuthering_waves	2026-09-22	insert	hour=18;players=7859
2026-09-22T10:05:06+00:00	steam_online	zenless_zone_zero	2026-09-22	insert	hour=18;players=5000
2026-09-22T10:05:07+00:00	steam_online	neverness_to_everness	2026-09-22	insert	hour=18;players=2842
2026-09-22T10:17:51+00:00	bilibili	wuthering_waves	2026-09-22	insert	observed=13/13;curated_only=True
2026-09-22T10:18:06+00:00	bilibili	zenless_zone_zero	2026-09-22	insert	observed=10/10;curated_only=True
2026-09-22T10:18:31+00:00	bilibili	neverness_to_everness	2026-09-22	insert	observed=17/17;curated_only=True
2026-09-22T10:18:35+00:00	youtube	wuthering_waves	2026-09-22	insert	observed=52/52;by_locale=global=13/13 ja=13/13 ko=13/13 zh-tw=13/13;flagged=0;quota_units=2;curated_only=True
2026-09-22T10:18:39+00:00	youtube	zenless_zone_zero	2026-09-22	insert	observed=39/39;by_locale=global=10/10 ja=9/9 ko=10/10 zh-tw=10/10;flagged=0;quota_units=1;curated_only=True
2026-09-22T10:18:45+00:00	youtube	neverness_to_everness	2026-09-22	insert	observed=64/64;by_locale=global=16/16 ja=16/16 ko=16/16 zh-tw=16/16;flagged=0;quota_units=2;curated_only=True
2026-09-22T10:19:51+00:00	steam	wuthering_waves	2026-09-22	insert	observed_fields=2/3;news=18
2026-09-22T10:20:03+00:00	steam	zenless_zone_zero	2026-09-22	insert	observed_fields=2/3;news=15
2026-09-22T10:20:15+00:00	steam	neverness_to_everness	2026-09-22	insert	observed_fields=2/3;news=21
2026-09-22T10:20:18+00:00	steam_build	wuthering_waves	2026-09-22	insert	buildid=24626793;updated=2026-08-20
2026-09-22T10:20:22+00:00	steam_build	zenless_zone_zero	2026-09-22	insert	buildid=24927009;updated=2026-09-09
2026-09-22T10:20:26+00:00	steam_build	neverness_to_everness	2026-09-22	insert	buildid=25416222;updated=2026-09-20
2026-09-22T11:05:06+00:00	steam_online	wuthering_waves	2026-09-22	insert	hour=19;players=8898
2026-09-22T11:05:07+00:00	steam_online	zenless_zone_zero	2026-09-22	insert	hour=19;players=5318
2026-09-22T11:05:08+00:00	steam_online	neverness_to_everness	2026-09-22	insert	hour=19;players=3153
2026-09-22T12:05:05+00:00	steam_online	wuthering_waves	2026-09-22	insert	hour=20;players=9893
2026-09-22T12:05:06+00:00	steam_online	zenless_zone_zero	2026-09-22	insert	hour=20;players=5957
2026-09-22T12:05:07+00:00	steam_online	neverness_to_everness	2026-09-22	insert	hour=20;players=3372
2026-09-22T12:26:14+00:00	steam_reviews_backfill	wuthering_waves	2026-09-22	backfill	days=512;reviews=56107
2026-09-22T13:05:04+00:00	steam_online	wuthering_waves	2026-09-22	insert	hour=21;players=11055
2026-09-22T13:07:18+00:00	steam_online	zenless_zone_zero	2026-09-22	insert	hour=21;players=None
2026-09-22T13:08:21+00:00	steam_online	neverness_to_everness	2026-09-22	insert	hour=21;players=3633
2026-09-23T02:22:58+00:00	steam_online	wuthering_waves	2026-09-23	insert	hour=10;players=None
2026-09-23T02:25:35+00:00	steam_online	zenless_zone_zero	2026-09-23	insert	hour=10;players=None
2026-09-23T02:27:52+00:00	steam_online	neverness_to_everness	2026-09-23	insert	hour=10;players=None
2026-09-23T03:05:05+00:00	steam_online	wuthering_waves	2026-09-23	insert	hour=11;players=6596
2026-09-23T03:05:06+00:00	steam_online	zenless_zone_zero	2026-09-23	insert	hour=11;players=5177
2026-09-23T03:05:08+00:00	steam_online	neverness_to_everness	2026-09-23	insert	hour=11;players=2531
2026-09-23T04:06:56+00:00	steam_online	wuthering_waves	2026-09-23	insert	hour=12;players=None
2026-09-23T04:08:51+00:00	steam_online	zenless_zone_zero	2026-09-23	insert	hour=12;players=None
2026-09-23T04:10:24+00:00	steam_online	neverness_to_everness	2026-09-23	insert	hour=12;players=2366
2026-09-23T04:36:29+00:00	steam_reviews_backfill	zenless_zone_zero	2026-09-23	backfill	days=99;reviews=16748
2026-09-23T04:38:26+00:00	steam_reviews_backfill	neverness_to_everness	2026-09-23	backfill	days=78;reviews=6642
2026-09-23T05:02:56+00:00	steam_reviews_incremental	wuthering_waves	2026-09-23	backfill	pages=4;recent=223;merged=56136;cutoff=2026-09-19
2026-09-23T05:04:11+00:00	steam_reviews_incremental	wuthering_waves	2026-09-23	backfill	pages=4;recent=223;merged=56136;cutoff=2026-09-19
2026-09-23T05:04:18+00:00	steam_reviews_incremental	zenless_zone_zero	2026-09-23	backfill	pages=4;recent=247;merged=16748;cutoff=2026-09-20
2026-09-23T05:04:24+00:00	steam_reviews_incremental	neverness_to_everness	2026-09-23	backfill	pages=3;recent=108;merged=6644;cutoff=2026-09-20
2026-09-23T05:06:40+00:00	steam_online	wuthering_waves	2026-09-23	insert	hour=13;players=None
2026-09-23T05:08:10+00:00	steam_online	zenless_zone_zero	2026-09-23	insert	hour=13;players=4599
2026-09-23T05:08:11+00:00	steam_online	neverness_to_everness	2026-09-23	insert	hour=13;players=2371
2026-09-23T05:27:45+00:00	steam	wuthering_waves	2026-09-23	insert	observed_fields=0/3;news=0;retained_reviews=False
2026-09-23T05:33:28+00:00	steam	zenless_zone_zero	2026-09-23	insert	observed_fields=0/3;news=15;retained_reviews=False
2026-09-23T05:37:08+00:00	steam	neverness_to_everness	2026-09-23	insert	observed_fields=1/3;news=21;retained_reviews=False
2026-09-23T05:37:10+00:00	steam_build	wuthering_waves	2026-09-23	insert	buildid=24626793;updated=2026-08-20
2026-09-23T05:37:15+00:00	steam_build	zenless_zone_zero	2026-09-23	insert	buildid=24927009;updated=2026-09-09
2026-09-23T05:37:19+00:00	steam_build	neverness_to_everness	2026-09-23	insert	buildid=25416222;updated=2026-09-20
2026-09-23T05:37:38+00:00	bilibili	wuthering_waves	2026-09-23	insert	observed=13/13;curated_only=True
2026-09-23T05:37:54+00:00	bilibili	zenless_zone_zero	2026-09-23	insert	observed=10/10;curated_only=True
2026-09-23T05:38:19+00:00	bilibili	neverness_to_everness	2026-09-23	insert	observed=17/17;curated_only=True
2026-09-23T06:05:05+00:00	steam_online	wuthering_waves	2026-09-23	insert	hour=14;players=6175
2026-09-23T06:05:06+00:00	steam_online	zenless_zone_zero	2026-09-23	insert	hour=14;players=4372
2026-09-23T06:05:07+00:00	steam_online	neverness_to_everness	2026-09-23	insert	hour=14;players=2301
2026-09-23T08:05:04+00:00	steam_online	wuthering_waves	2026-09-23	insert	hour=16;players=6388
2026-09-23T08:05:05+00:00	steam_online	zenless_zone_zero	2026-09-23	insert	hour=16;players=4257
2026-09-23T08:05:06+00:00	steam_online	neverness_to_everness	2026-09-23	insert	hour=16;players=2459
2026-09-23T09:05:05+00:00	steam_online	wuthering_waves	2026-09-23	insert	hour=17;players=6607
2026-09-23T09:05:06+00:00	steam_online	zenless_zone_zero	2026-09-23	insert	hour=17;players=4500
2026-09-23T09:05:08+00:00	steam_online	neverness_to_everness	2026-09-23	insert	hour=17;players=2555
2026-09-23T20:40:07+00:00	steam_online	wuthering_waves	2026-09-24	insert	hour=4;players=7329
2026-09-23T20:40:09+00:00	steam_online	zenless_zone_zero	2026-09-24	insert	hour=4;players=5720
2026-09-23T20:40:10+00:00	steam_online	neverness_to_everness	2026-09-24	insert	hour=4;players=2737
2026-09-24T00:38:57+00:00	steam_online	wuthering_waves	2026-09-24	insert	hour=8;players=6215
2026-09-24T05:16:44+00:00	steam_online	zenless_zone_zero	2026-09-24	insert	hour=13;players=4366
2026-09-24T05:16:45+00:00	steam_online	neverness_to_everness	2026-09-24	insert	hour=13;players=2277
2026-09-24T06:06:57+00:00	steam_online	wuthering_waves	2026-09-24	insert	hour=14;players=None
2026-09-24T06:09:07+00:00	steam_online	zenless_zone_zero	2026-09-24	insert	hour=14;players=None
2026-09-24T06:11:17+00:00	steam_online	neverness_to_everness	2026-09-24	insert	hour=14;players=None
